"ID","x","y","z","time"
1,270.06879258164,248.395528650394,78.4059293180054,2024-01-01 12:00:00
1,268.351109434951,250.051610650837,72.6666906913703,2024-01-01 13:00:00
1,266.42818519061,250.22650151264,68.7536342179079,2024-01-01 14:00:00
1,265.375579289033,247.930714292571,66.9754383326895,2024-01-01 15:00:00
1,264.793598654682,246.879773976391,66.1632594312778,2024-01-01 16:00:00
1,264.2393432031,245.489514503371,65.5577452286841,2024-01-01 17:00:00
1,262.405069910993,244.687113476209,64.699061839321,2024-01-01 18:00:00
1,260.861620100087,244.618480523129,64.5042426395135,2024-01-01 19:00:00
1,255.765245385685,237.981863407592,64.6652540401663,2024-01-01 20:00:00
1,256.4928077761,236.222075475653,64.6713008411729,2024-01-01 21:00:00
1,260.640204240956,232.14895826662,65.4244852519807,2024-01-01 22:00:00
1,263.833710917859,231.686664759662,66.0536672521336,2024-01-01 23:00:00
1,267.025303647993,235.164390616047,66.9065809816265,2024-01-02 00:00:00
1,268.180210157734,237.152752915764,66.9693095146304,2024-01-02 01:00:00
1,270.252525468249,238.630437219393,66.151913647567,2024-01-02 02:00:00
1,272.46979279941,238.473977698249,64.017196415743,2024-01-02 03:00:00
1,274.52871490663,234.552402027489,62.8340186459851,2024-01-02 04:00:00
1,274.413336408893,233.33697666375,62.8585803922539,2024-01-02 05:00:00
1,276.392258920273,232.184318812882,62.4446833511145,2024-01-02 06:00:00
1,276.747408814687,230.760079107602,62.4923147202205,2024-01-02 07:00:00
1,271.664327682979,222.394505363754,63.3310935152793,2024-01-02 08:00:00
1,271.563588315652,221.057208291566,63.1920553686311,2024-01-02 09:00:00
1,274.274576767475,215.241300512066,64.708763987346,2024-01-02 10:00:00
1,274.371530877714,214.369700616494,65.1520812843524,2024-01-02 11:00:00
1,272.63696725692,205.540376953958,70.0141844988581,2024-01-02 12:00:00
1,274.622773086753,203.874603407815,71.7092546768596,2024-01-02 13:00:00
1,279.038188583949,198.827619509484,77.5924190559581,2024-01-02 14:00:00
1,280.791447332546,197.99756106194,78.8468546348057,2024-01-02 15:00:00
1,282.684982540294,196.671405588739,80.9339167952886,2024-01-02 16:00:00
1,286.258441132401,192.708834369145,91.2590262480091,2024-01-02 17:00:00
1,287.886688049265,191.37910497753,98.0525323876315,2024-01-02 18:00:00
1,288.240684227748,191.341543122329,101.88840564612,2024-01-02 19:00:00
1,287.040961246962,190.250286822437,105.159796070585,2024-01-02 20:00:00
1,284.857424395402,190.839775117661,107.907443386299,2024-01-02 21:00:00
1,283.880471460957,192.979512427084,108.690747958623,2024-01-02 22:00:00
1,290.103335168666,199.112526476115,109.120759440909,2024-01-02 23:00:00
1,291.195469610273,200.273911951705,109.339504517095,2024-01-03 00:00:00
1,291.282607934426,201.508535595741,109.330529508191,2024-01-03 01:00:00
1,291.560060141571,205.302356910457,108.926862353999,2024-01-03 02:00:00
1,299.804102172571,214.779393760773,110.118737325553,2024-01-03 03:00:00
1,303.089078293371,215.342595848923,110.509428168654,2024-01-03 04:00:00
1,306.741615324897,226.762168109611,110.361507920775,2024-01-03 05:00:00
1,306.653604015368,228.866883462248,110.194661084209,2024-01-03 06:00:00
1,305.286719029902,230.604205663589,110.551589095324,2024-01-03 07:00:00
1,300.599365909142,236.68530383503,111.779939039565,2024-01-03 08:00:00
1,298.53503241846,237.373516165613,112.344566659672,2024-01-03 09:00:00
1,296.461247581134,238.002261597482,112.407441411218,2024-01-03 10:00:00
1,288.249504718263,236.684791584919,111.357402344593,2024-01-03 11:00:00
1,284.476091675508,238.02400918711,110.715930734194,2024-01-03 12:00:00
1,280.346470224366,237.539634353349,109.112349093107,2024-01-03 13:00:00
1,279.640205235733,237.402813628614,109.058262875496,2024-01-03 14:00:00
1,273.157252250976,236.165234695528,107.740146150439,2024-01-03 15:00:00
1,270.921085107738,236.312542435306,107.312266733913,2024-01-03 16:00:00
1,269.700088645576,237.671608697948,107.105109569846,2024-01-03 17:00:00
1,263.471296230133,239.808734824218,105.079507759893,2024-01-03 18:00:00
1,262.335025924547,240.75346919898,105.132143156539,2024-01-03 19:00:00
1,261.060933794036,242.606455278569,105.014812945271,2024-01-03 20:00:00
1,261.216945704999,242.921643139811,104.941352621252,2024-01-03 21:00:00
1,266.72075235135,247.713738389954,103.337418586783,2024-01-03 22:00:00
1,271.491628971635,252.161718161923,101.332607540036,2024-01-03 23:00:00
1,272.481601782146,252.859580529252,100.840012007779,2024-01-04 00:00:00
1,275.029177602864,251.628577631953,99.4952877617494,2024-01-04 01:00:00
1,276.963547328287,250.799570137018,98.2012064961524,2024-01-04 02:00:00
1,286.87798262905,245.271171789926,90.4845240904854,2024-01-04 03:00:00
1,288.399014368452,245.120091816789,89.4499083183031,2024-01-04 04:00:00
1,288.700078153727,245.384429588955,88.9682872608463,2024-01-04 05:00:00
1,291.293738666708,247.080373729289,85.5360661210408,2024-01-04 06:00:00
1,291.423419400817,248.245580188326,84.3435509495624,2024-01-04 07:00:00
1,293.39519133257,251.878832379499,77.8647457082301,2024-01-04 08:00:00
1,295.250655282139,251.432425614475,74.6201365309912,2024-01-04 09:00:00
1,296.152903264369,249.240616465093,69.6463420757434,2024-01-04 10:00:00
1,301.400410418378,247.281423645673,67.0070648177117,2024-01-04 11:00:00
1,304.143089114398,249.506779511876,66.4956163938054,2024-01-04 12:00:00
1,305.544799999051,254.013229350721,65.967947448859,2024-01-04 13:00:00
1,306.349376959327,255.872577659351,65.8234435624527,2024-01-04 14:00:00
1,302.712778274806,260.055965430821,66.7504013458305,2024-01-04 15:00:00
1,303.292561784176,261.536277343297,67.1352644526251,2024-01-04 16:00:00
1,302.24397480688,265.623742278618,69.2442644644196,2024-01-04 17:00:00
1,303.196541584157,269.996632638938,69.6430011113596,2024-01-04 18:00:00
1,305.491198349709,276.383505395405,67.4272983262517,2024-01-04 19:00:00
1,305.838267905461,276.881709146328,67.4528076320216,2024-01-04 20:00:00
1,308.900567291475,277.34001688374,67.9303636125912,2024-01-04 21:00:00
1,315.333036666507,283.645669310154,65.6354580842488,2024-01-04 22:00:00
1,315.99810068453,288.074522118445,65.6243315076854,2024-01-04 23:00:00
1,315.986457556438,288.601858944364,65.611449361709,2024-01-05 00:00:00
1,313.615634836083,290.109706395735,66.2119093679463,2024-01-05 01:00:00
1,313.095844786725,290.90428182064,66.3478239577079,2024-01-05 02:00:00
1,312.872507446997,291.500270590393,66.4071732397489,2024-01-05 03:00:00
1,306.313783132832,298.044191995358,65.5094467919629,2024-01-05 04:00:00
1,304.47219195462,298.973890804954,65.4548181533038,2024-01-05 05:00:00
1,298.185546339279,300.737332573641,64.5450975770821,2024-01-05 06:00:00
1,299.710874042989,306.625150770577,64.4896173423578,2024-01-05 07:00:00
1,299.941722691569,306.970179093933,64.4460306461157,2024-01-05 08:00:00
1,303.253125581942,311.611161583888,62.9999905332636,2024-01-05 09:00:00
1,304.145359672863,316.209292748262,60.4709840596782,2024-01-05 10:00:00
1,300.996012350802,324.837246922802,60.4481567565476,2024-01-05 11:00:00
1,302.546502781653,326.63226241331,61.989555686131,2024-01-05 12:00:00
1,307.89149189792,330.62674569489,68.2845726176343,2024-01-05 13:00:00
1,310.322121675753,332.53990829222,70.790539984151,2024-01-05 14:00:00
1,312.246886815019,334.760710326255,72.5765327672309,2024-01-05 15:00:00
2,248.765692903871,294.088926797537,92.3822937861092,2024-01-05 16:00:00
2,244.580954729653,289.784796635532,88.7127847837337,2024-01-05 17:00:00
2,242.28029347674,285.093722083204,86.9136199295626,2024-01-05 18:00:00
2,241.109327674903,282.650004026131,86.778615065837,2024-01-05 19:00:00
2,235.019715311783,276.177912969415,87.2143578915082,2024-01-05 20:00:00
2,235.881666536562,272.148307913168,87.9812339982625,2024-01-05 21:00:00
2,234.966837851715,270.39499487393,88.8548168532775,2024-01-05 22:00:00
2,234.362754963907,266.997356547468,89.6465802051085,2024-01-05 23:00:00
2,235.084398932501,264.792906382797,89.7754646213547,2024-01-06 00:00:00
2,234.039330944934,261.193614909764,90.4894604658116,2024-01-06 01:00:00
2,236.514788153967,255.207917164805,90.9788777753013,2024-01-06 02:00:00
2,238.304670493938,254.930626135829,91.0443657365207,2024-01-06 03:00:00
2,241.9901614643,256.691781309332,91.7507789368811,2024-01-06 04:00:00
2,244.637491226948,262.642767538489,90.7720032307703,2024-01-06 05:00:00
2,245.520428664197,266.64629737335,90.2210968276023,2024-01-06 06:00:00
2,248.614920842808,268.427649256227,90.0473923093017,2024-01-06 07:00:00
2,253.960379723098,267.63271965868,88.471170200458,2024-01-06 08:00:00
2,259.080144241565,266.850402505874,85.4538245514676,2024-01-06 09:00:00
2,264.805651900785,272.738315857443,83.8266397848128,2024-01-06 10:00:00
2,266.631517849081,288.467366551199,75.9329854197514,2024-01-06 11:00:00
2,272.328867550534,292.553384508233,71.3309785191396,2024-01-06 12:00:00
2,273.942042375691,293.095855883835,70.4324511246763,2024-01-06 13:00:00
2,276.132598891851,294.68345049231,68.4853164508347,2024-01-06 14:00:00
2,281.910657781076,295.476874149396,66.2174437170728,2024-01-06 15:00:00
2,282.932780559215,292.567078136514,65.674669231574,2024-01-06 16:00:00
2,283.890397450724,291.263760889235,66.0125789136812,2024-01-06 17:00:00
2,295.142896750828,279.67861248933,63.4447165843806,2024-01-06 18:00:00
2,298.013093252988,280.18142839941,62.3942654932365,2024-01-06 19:00:00
2,300.819788731076,281.720535340524,61.4279333077232,2024-01-06 20:00:00
2,301.433903291086,283.496649678183,61.0638191076903,2024-01-06 21:00:00
2,302.458525745646,284.45720398671,60.4036400052539,2024-01-06 22:00:00
2,304.956090357702,286.764361399801,59.5597149069908,2024-01-06 23:00:00
2,307.069425932681,289.488424918146,59.2160416769645,2024-01-07 00:00:00
2,312.277979142893,291.838242730957,58.4554555750055,2024-01-07 01:00:00
2,312.848448668758,291.593502115347,58.4660372485209,2024-01-07 02:00:00
2,313.744130085451,290.740998262114,58.3831993519747,2024-01-07 03:00:00
2,315.059972060339,288.689325680961,57.2567860107813,2024-01-07 04:00:00
2,315.015384997941,288.453592906311,57.1548200020941,2024-01-07 05:00:00
2,309.579514438724,284.402240266808,56.2652167546421,2024-01-07 06:00:00
2,309.508823163411,282.655621644918,56.358503735526,2024-01-07 07:00:00
2,314.171611010856,277.154882479018,56.6315216087363,2024-01-07 08:00:00
2,319.985936832751,270.729091306191,59.8308352008248,2024-01-07 09:00:00
2,320.533053484627,269.505091366739,59.936015882785,2024-01-07 10:00:00
2,325.206015474947,265.859415241434,59.6438462238803,2024-01-07 11:00:00
2,324.86123659674,263.283631280226,59.9767858636469,2024-01-07 12:00:00
2,325.298962568744,258.548020265451,60.8993083417595,2024-01-07 13:00:00
2,324.963792052121,258.295308753754,60.9496978585883,2024-01-07 14:00:00
2,324.837391732851,252.783966763888,60.0872389989783,2024-01-07 15:00:00
2,327.411602985031,243.742836518875,56.7305761592663,2024-01-07 16:00:00
2,326.632135608062,241.826046377362,56.2070140585137,2024-01-07 17:00:00
2,316.946263186624,236.184098785157,52.3763384292475,2024-01-07 18:00:00
2,314.993523679458,232.610811695975,50.3213982408881,2024-01-07 19:00:00
2,314.947288565288,231.84176978146,50.0408801196007,2024-01-07 20:00:00
2,314.184594726426,230.23980219047,49.6613039708946,2024-01-07 21:00:00
2,315.806023665291,223.823390810969,44.8131661330268,2024-01-07 22:00:00
2,320.707490172557,221.8377086591,42.9685883086122,2024-01-07 23:00:00
2,327.117267383627,222.382293596662,43.5569655902386,2024-01-08 00:00:00
2,328.919324703057,219.498502699075,43.4549267115907,2024-01-08 01:00:00
2,330.313413038196,216.771696046687,42.5479203425903,2024-01-08 02:00:00
2,333.673283231406,211.761216696726,41.5924321906595,2024-01-08 03:00:00
2,334.221521035107,209.786478807764,41.7833218697,2024-01-08 04:00:00
2,332.164832698923,207.937801629329,40.8898542438782,2024-01-08 05:00:00
2,331.655487832876,207.570685838663,40.8179941395176,2024-01-08 06:00:00
2,330.453375186852,207.770678265121,40.764061529687,2024-01-08 07:00:00
2,326.376978966964,208.886375634898,39.5529369863925,2024-01-08 08:00:00
2,325.341443305578,209.327637014654,39.4564764408887,2024-01-08 09:00:00
2,324.923636321138,209.85045626117,39.467450033723,2024-01-08 10:00:00
2,324.889941147212,210.619714508009,39.5172304898938,2024-01-08 11:00:00
2,326.643946426758,212.11229537652,40.7814351986383,2024-01-08 12:00:00
2,326.833511974623,216.945520016736,41.4165290130284,2024-01-08 13:00:00
2,324.396550728562,221.234032274561,44.5476634728742,2024-01-08 14:00:00
2,324.309822211189,221.399896235542,44.7759974510468,2024-01-08 15:00:00
2,325.40812198072,226.963978419925,48.1889712968879,2024-01-08 16:00:00
2,326.335810421053,229.174221946528,49.9408919197793,2024-01-08 17:00:00
2,326.213792522874,231.425658541857,50.9280444734567,2024-01-08 18:00:00
2,325.493847651598,232.379439435467,51.2540716546114,2024-01-08 19:00:00
2,318.92880401089,237.649799128624,55.2930867597962,2024-01-08 20:00:00
2,313.334831368204,239.858562517929,58.6662006968188,2024-01-08 21:00:00
2,311.864461068698,239.962619258542,59.5154089287863,2024-01-08 22:00:00
2,308.722472243965,237.789155340328,63.23736534293,2024-01-08 23:00:00
2,307.950642670209,238.202012206021,63.6003131136646,2024-01-09 00:00:00
2,307.119183070554,238.040870395895,63.7431909914634,2024-01-09 01:00:00
2,305.89878301137,237.4035613656,63.6472887536821,2024-01-09 02:00:00
2,304.584008447842,235.76759211526,63.1980740871208,2024-01-09 03:00:00
2,303.820878557566,234.811561908634,63.2452481480451,2024-01-09 04:00:00
2,302.516956181395,234.449979266479,62.998672481889,2024-01-09 05:00:00
2,299.739349884655,235.27395805891,62.4558653442835,2024-01-09 06:00:00
2,298.989922859963,235.137105930634,62.3081902038144,2024-01-09 07:00:00
2,298.629790228801,235.440342749626,62.3577140926573,2024-01-09 08:00:00
2,298.104716428473,235.493978171537,62.5324991119156,2024-01-09 09:00:00
2,295.85470670051,234.844707918719,62.9066145487611,2024-01-09 10:00:00
2,293.472537314096,230.596326522658,63.2491337454945,2024-01-09 11:00:00
2,290.708090922379,230.081035031344,62.7719491294443,2024-01-09 12:00:00
2,286.17566369164,232.471543449095,65.1385287463751,2024-01-09 13:00:00
2,285.641219124697,233.593302659625,65.2852798025108,2024-01-09 14:00:00
2,285.439549606802,237.793256993754,66.2303743910989,2024-01-09 15:00:00
2,285.089015832426,245.06572090319,68.0862227791469,2024-01-09 16:00:00
2,285.290480514138,247.533265737861,69.6527794216476,2024-01-09 17:00:00
2,286.309380451604,249.571459502336,72.484255077791,2024-01-09 18:00:00
2,286.530209010984,252.116039395502,77.1648500264068,2024-01-09 19:00:00
3,232.862189063916,246.740927502409,111.335120320748,2024-01-09 20:00:00
3,237.841498268549,245.606571415054,112.072122850144,2024-01-09 21:00:00
3,246.710729150929,243.470789823396,113.060706997703,2024-01-09 22:00:00
3,251.441172977618,238.683923849353,115.95972707883,2024-01-09 23:00:00
3,251.097766983418,237.896209006159,116.182932173415,2024-01-10 00:00:00
3,252.288355431429,232.632509201326,116.90399948147,2024-01-10 01:00:00
3,253.124129094306,229.470256353258,117.827231741274,2024-01-10 02:00:00
3,252.993860641046,227.234292522768,118.162104647531,2024-01-10 03:00:00
3,253.045948226999,223.915133299353,118.79831180481,2024-01-10 04:00:00
3,253.029283422751,223.798128710074,118.822689986537,2024-01-10 05:00:00
3,252.950211997416,223.68551143588,118.827451480163,2024-01-10 06:00:00
3,249.612444920051,214.75246503265,116.389945719541,2024-01-10 07:00:00
3,248.227753053819,213.944683301103,116.336319648242,2024-01-10 08:00:00
3,241.013270376957,205.639938335364,120.16009050697,2024-01-10 09:00:00
3,240.83223757195,205.067768043459,120.161014016515,2024-01-10 10:00:00
3,239.380973860894,201.593468704682,120.757177430203,2024-01-10 11:00:00
3,232.513098464374,198.193885544148,119.664764660896,2024-01-10 12:00:00
3,231.080541303395,197.533007514015,120.077445261104,2024-01-10 13:00:00
3,224.232848579344,194.955205824531,123.513309918016,2024-01-10 14:00:00
3,218.619962704241,194.789559714175,126.179885117499,2024-01-10 15:00:00
3,216.208073979471,194.494947488045,126.957175192826,2024-01-10 16:00:00
3,215.228828421499,194.101806488025,127.29710521874,2024-01-10 17:00:00
3,214.465479646656,194.120142972557,127.812740444211,2024-01-10 18:00:00
3,215.019873077473,195.884335762001,128.817288679177,2024-01-10 19:00:00
3,226.463419518023,196.348834693043,132.793060916435,2024-01-10 20:00:00
3,228.472824035772,195.592391295739,133.723969869434,2024-01-10 21:00:00
3,233.836722231398,197.079966054087,136.029617253829,2024-01-10 22:00:00
3,236.847817946105,198.508339168583,136.113804708172,2024-01-10 23:00:00
3,240.62675563042,197.439659883859,135.973505018909,2024-01-11 00:00:00
3,244.371251335287,196.605384064289,134.920359110257,2024-01-11 01:00:00
3,245.463845028036,197.289687886079,134.464115757173,2024-01-11 02:00:00
3,250.770215318438,194.184746096368,133.868464778963,2024-01-11 03:00:00
3,252.071860202052,193.823632217286,133.892442365327,2024-01-11 04:00:00
3,254.30384241445,194.557346154321,134.898342630997,2024-01-11 05:00:00
3,256.675345859495,192.054125541001,134.775429781497,2024-01-11 06:00:00
3,259.09637253342,188.418765401367,134.651125580768,2024-01-11 07:00:00
3,259.48182455997,186.569808923262,134.792752566638,2024-01-11 08:00:00
3,259.991492029936,185.223196029269,135.11706110791,2024-01-11 09:00:00
3,261.551005241749,183.64568780324,136.641983125919,2024-01-11 10:00:00
3,262.667502706609,180.696723555705,138.686701334677,2024-01-11 11:00:00
3,262.221433735233,179.954118527528,139.218222221103,2024-01-11 12:00:00
3,258.462144542727,178.221443965386,139.949201410329,2024-01-11 13:00:00
3,256.362403140528,175.551490937634,140.91099257474,2024-01-11 14:00:00
3,255.112200923936,174.95980454913,141.908319847172,2024-01-11 15:00:00
3,252.232181185728,175.57234109448,144.198022220418,2024-01-11 16:00:00
3,250.211924066996,174.104395518173,146.000532588012,2024-01-11 17:00:00
3,249.257243825435,172.202248065477,145.950740813374,2024-01-11 18:00:00
3,250.992641254116,166.103310595356,145.034488255891,2024-01-11 19:00:00
3,250.702562888014,163.693528674875,144.813903379732,2024-01-11 20:00:00
3,251.667017312757,160.117567838413,144.793436162261,2024-01-11 21:00:00
3,251.530126526675,159.041988319756,144.76549117891,2024-01-11 22:00:00
3,249.817846805136,158.159894772966,144.668347326879,2024-01-11 23:00:00
3,247.384495001914,160.658959587022,144.88268905265,2024-01-12 00:00:00
3,246.514665530056,161.256059182396,145.385097840621,2024-01-12 01:00:00
3,247.689320999004,164.264970459384,145.948195596646,2024-01-12 02:00:00
3,248.556239202076,164.789078872065,146.024316797184,2024-01-12 03:00:00
3,250.222647892469,167.371464173406,145.825218596121,2024-01-12 04:00:00
3,248.397822225228,169.011574901784,145.692306865774,2024-01-12 05:00:00
3,246.732253371901,168.676181328464,145.281249360607,2024-01-12 06:00:00
3,245.821825158748,168.906697656643,145.228641633474,2024-01-12 07:00:00
3,242.257820670415,166.361565891024,145.997189621765,2024-01-12 08:00:00
3,239.101893163048,163.871699756353,146.920084877493,2024-01-12 09:00:00
3,235.069135522046,164.740267096158,147.402946187553,2024-01-12 10:00:00
3,231.101439291545,161.16180736373,147.927639588104,2024-01-12 11:00:00
3,230.007326431421,160.544299484,148.107527603357,2024-01-12 12:00:00
3,228.720411425778,159.16146257492,148.300419645266,2024-01-12 13:00:00
3,222.494891273415,155.190790056689,149.34895487974,2024-01-12 14:00:00
3,220.234159634849,153.648031767567,150.053640721911,2024-01-12 15:00:00
3,218.080916296371,146.845145031223,150.046759596703,2024-01-12 16:00:00
3,219.858386066844,145.145941853154,150.730382561932,2024-01-12 17:00:00
3,221.566921430373,143.65172245142,151.770694180885,2024-01-12 18:00:00
3,225.936944797138,144.074581471192,154.737938565834,2024-01-12 19:00:00
3,230.176567204988,140.013451404466,156.120429196613,2024-01-12 20:00:00
3,232.949943221467,138.5068220739,156.27162889933,2024-01-12 21:00:00
3,235.883993579081,135.603828690086,156.592248740269,2024-01-12 22:00:00
3,236.138580427537,135.050631051103,156.664305581913,2024-01-12 23:00:00
3,237.531428986577,132.591564733716,158.317871336191,2024-01-13 00:00:00
3,238.471337707983,131.448837427757,159.347915896202,2024-01-13 01:00:00
3,240.271541496906,130.380438919496,161.001252958891,2024-01-13 02:00:00
3,240.988903538816,129.541570344219,161.891598291087,2024-01-13 03:00:00
3,244.038380308575,123.564898812313,168.469521707881,2024-01-13 04:00:00
3,244.279347148569,122.91651015062,172.012823052872,2024-01-13 05:00:00
3,246.017819158781,122.347899253268,180.850668803328,2024-01-13 06:00:00
3,247.369315747558,124.049709151228,184.72860428629,2024-01-13 07:00:00
3,248.012293730479,125.081036139293,186.551831561737,2024-01-13 08:00:00
3,249.59935507907,125.054475611316,188.33597856432,2024-01-13 09:00:00
3,253.069633369985,125.687346879341,189.916416393788,2024-01-13 10:00:00
3,255.958525621161,124.863874159234,191.417285467097,2024-01-13 11:00:00
3,258.731387919268,126.83059048844,192.169670736032,2024-01-13 12:00:00
3,259.712469338662,127.156184901423,192.365983364746,2024-01-13 13:00:00
3,263.538354681429,132.503121398114,193.209738693318,2024-01-13 14:00:00
3,263.61362101153,136.964150064621,193.670380123023,2024-01-13 15:00:00
3,263.107291057495,140.32329670073,195.20098950766,2024-01-13 16:00:00
3,262.551927742755,141.771624426287,196.186103466944,2024-01-13 17:00:00
3,263.751770608511,146.910388767006,198.54896991671,2024-01-13 18:00:00
3,258.512486050775,151.717846384175,200.336077465899,2024-01-13 19:00:00
3,256.837547934979,152.384674152868,201.181587725034,2024-01-13 20:00:00
3,256.712775941868,155.797472751698,202.166191772719,2024-01-13 21:00:00
3,255.221678758783,157.46653658809,202.203078973153,2024-01-13 22:00:00
3,254.050680512096,159.961713013945,202.198501305766,2024-01-13 23:00:00
4,259.911750430011,214.405206964635,93.8111162449557,2024-01-14 00:00:00
4,261.160888563987,213.529345694138,93.3678876908432,2024-01-14 01:00:00
4,264.390639513748,213.354191833782,93.8476200475718,2024-01-14 02:00:00
4,269.082940612368,212.066878922613,93.9269186982518,2024-01-14 03:00:00
4,269.664963699798,209.79580123468,93.9517379023965,2024-01-14 04:00:00
4,269.558895518086,207.522350272464,94.4513421699513,2024-01-14 05:00:00
4,272.559035488931,205.033301239317,94.4138512596911,2024-01-14 06:00:00
4,273.42563461013,204.0259597169,94.3563539964335,2024-01-14 07:00:00
4,278.43781207601,204.401474645566,94.5927458940501,2024-01-14 08:00:00
4,279.225613699201,205.203946990984,94.6972874917571,2024-01-14 09:00:00
4,283.76045824059,207.808492355165,96.8703009064251,2024-01-14 10:00:00
4,287.569411655529,212.855911963106,100.026152968143,2024-01-14 11:00:00
4,294.592641083854,213.410816033369,102.280009857775,2024-01-14 12:00:00
4,296.807499087822,212.847730452521,103.12434188542,2024-01-14 13:00:00
4,298.822084904302,211.079575096334,102.802034495753,2024-01-14 14:00:00
4,303.387641370298,200.820155732468,96.6028940772127,2024-01-14 15:00:00
4,303.421562931731,198.214625356902,94.9710313552608,2024-01-14 16:00:00
4,302.236102627249,196.971510016681,93.6934154809884,2024-01-14 17:00:00
4,301.595001341553,195.726856186399,93.234326811711,2024-01-14 18:00:00
4,294.220446726916,189.600137638847,88.8743689758369,2024-01-14 19:00:00
4,292.572940612621,189.048211041562,88.1646467913013,2024-01-14 20:00:00
4,290.393118938043,190.293112300321,86.7966974492839,2024-01-14 21:00:00
4,285.824610895556,190.232047873704,83.6345709798941,2024-01-14 22:00:00
4,285.207461631305,185.104357902134,82.1658532951456,2024-01-14 23:00:00
4,285.981836726054,182.477253302662,82.1564345154693,2024-01-15 00:00:00
4,285.474432669639,180.8543391427,82.3850414918611,2024-01-15 01:00:00
4,278.555439934865,178.5952754554,83.2781186662659,2024-01-15 02:00:00
4,274.189828187392,175.680552213427,81.944830353654,2024-01-15 03:00:00
4,273.192992245891,173.01410291075,80.1825014563127,2024-01-15 04:00:00
4,275.873415928228,170.41028375768,76.707928049701,2024-01-15 05:00:00
4,275.815262586362,169.614269678106,76.1660616410203,2024-01-15 06:00:00
4,275.918795093768,169.219661156427,76.1098651107448,2024-01-15 07:00:00
4,279.311656099619,163.176325321986,72.2837587911549,2024-01-15 08:00:00
4,279.543092757601,162.161103928372,71.6438698199596,2024-01-15 09:00:00
4,279.831301027681,161.108748113695,71.3808865838954,2024-01-15 10:00:00
4,276.556132926494,156.653890517042,70.8432588332925,2024-01-15 11:00:00
4,275.571987251819,155.761978949841,70.8339004834247,2024-01-15 12:00:00
4,272.670407595739,154.387094109268,72.3159651395686,2024-01-15 13:00:00
4,271.031214040212,153.860247219452,73.2032983258033,2024-01-15 14:00:00
4,270.12707295602,153.869607481308,73.9642586044981,2024-01-15 15:00:00
4,266.105365120419,157.338606760331,78.6809437040364,2024-01-15 16:00:00
4,265.785718813751,157.609235837987,79.0004263198827,2024-01-15 17:00:00
4,264.777161995203,157.955547586571,80.0472378045691,2024-01-15 18:00:00
4,262.617667631269,158.500564067772,82.3217138097915,2024-01-15 19:00:00
4,258.869763696251,152.436183273829,82.6486339763933,2024-01-15 20:00:00
4,253.697565352113,151.153381185529,82.828569152357,2024-01-15 21:00:00
4,247.250429363577,150.429294155602,85.0093947333981,2024-01-15 22:00:00
4,244.706220470385,150.554232008427,85.6663168933165,2024-01-15 23:00:00
4,235.266898700405,149.214369556991,83.3997662269074,2024-01-16 00:00:00
4,233.450508269964,148.789109099431,82.3426522722491,2024-01-16 01:00:00
4,231.03623186965,147.569362961251,81.1792872868799,2024-01-16 02:00:00
4,230.839072304342,147.277865430314,81.2032425905322,2024-01-16 03:00:00
4,227.582068317954,141.113720198647,79.8915209597247,2024-01-16 04:00:00
4,224.840949382665,140.779105633188,78.8969259051767,2024-01-16 05:00:00
4,221.177078571361,138.376024915142,78.305806703769,2024-01-16 06:00:00
4,219.676568233752,138.669708191157,78.2683781492047,2024-01-16 07:00:00
4,217.644527947446,137.264418895759,79.0550983103993,2024-01-16 08:00:00
4,211.315218606775,140.490350368667,80.4618673805792,2024-01-16 09:00:00
4,210.549260362348,140.637888590213,80.5192957492572,2024-01-16 10:00:00
4,204.522938162162,141.564327356267,81.4731405266255,2024-01-16 11:00:00
4,203.274547091542,139.99298923949,81.1055030237228,2024-01-16 12:00:00
4,202.529284885026,138.079484420137,80.9960113493903,2024-01-16 13:00:00
4,202.178664162611,136.2210419336,80.5866423158076,2024-01-16 14:00:00
4,202.333604901953,135.643447953754,80.6093792284441,2024-01-16 15:00:00
4,205.913621006332,127.063046545097,81.1316122343169,2024-01-16 16:00:00
4,210.518028524277,122.395174620492,79.0720428091583,2024-01-16 17:00:00
4,213.047562905718,122.232069924996,78.2871617713058,2024-01-16 18:00:00
4,218.439639185715,124.689403258275,77.5113132992097,2024-01-16 19:00:00
4,220.139761375183,124.715786983218,76.6833249705016,2024-01-16 20:00:00
4,223.334150952738,126.100214312274,75.3250934440254,2024-01-16 21:00:00
4,224.040144009335,126.230313601406,75.2388534460211,2024-01-16 22:00:00
4,224.749516855697,126.18270758525,74.6716140419493,2024-01-16 23:00:00
4,229.522401016603,126.516182159976,71.6365057348677,2024-01-17 00:00:00
4,229.808054917351,126.537789061534,71.3852706400215,2024-01-17 01:00:00
4,235.496952547321,126.087062551396,69.3315030371341,2024-01-17 02:00:00
4,240.38816016494,130.330602019746,67.4369302957114,2024-01-17 03:00:00
4,242.111910963622,131.336983659512,67.1451356683195,2024-01-17 04:00:00
4,243.507851700375,132.033640714899,66.965314934162,2024-01-17 05:00:00
4,246.297761552834,146.131364408694,65.3357623161703,2024-01-17 06:00:00
4,246.113091164271,146.912788536078,65.3681656611453,2024-01-17 07:00:00
4,247.680178990566,157.243225506759,64.1619574251531,2024-01-17 08:00:00
4,245.464245856714,161.598135630667,64.4543026236191,2024-01-17 09:00:00
4,242.98781510384,162.276491389672,64.5633563643441,2024-01-17 10:00:00
4,235.376041644442,156.355200889444,64.95546497532,2024-01-17 11:00:00
4,233.957279530603,146.378886750716,61.6255927850499,2024-01-17 12:00:00
4,234.62148887027,141.269905598222,60.0131203604755,2024-01-17 13:00:00
4,237.1640713646,137.345335218179,57.787309961433,2024-01-17 14:00:00
4,237.837456817358,137.48709650971,57.6385511817347,2024-01-17 15:00:00
4,240.883596276797,135.161275110505,55.9724394923284,2024-01-17 16:00:00
4,242.354168496894,134.038916356445,52.931968923695,2024-01-17 17:00:00
4,244.53897633909,134.693029932908,47.1585839831218,2024-01-17 18:00:00
4,246.418473900213,135.429246420392,43.5795198179199,2024-01-17 19:00:00
4,248.300234528955,134.168711690709,40.1424570698955,2024-01-17 20:00:00
4,249.405378318949,133.549585015492,38.6052276901272,2024-01-17 21:00:00
4,248.701923297867,130.693614480387,36.2445144546044,2024-01-17 22:00:00
4,248.978536163173,127.842280474627,34.0440962410926,2024-01-17 23:00:00
4,246.890638680102,125.153207937348,32.2041921527948,2024-01-18 00:00:00
4,244.413949598801,121.977389270702,29.3344182540175,2024-01-18 01:00:00
4,244.058265642427,121.350852192999,28.5346966192628,2024-01-18 02:00:00
4,242.851882681444,118.362841308658,22.9515689652512,2024-01-18 03:00:00
5,270.502904928182,296.966742540449,103.513041233419,2024-01-18 04:00:00
5,271.854990989115,296.832015529662,105.615232062343,2024-01-18 05:00:00
5,274.790750254827,294.465186677292,108.553126725543,2024-01-18 06:00:00
5,275.072019749466,293.241048969091,110.24208553259,2024-01-18 07:00:00
5,275.644675285077,289.338980965629,115.234092899908,2024-01-18 08:00:00
5,273.162581591085,287.845437485294,116.8715128219,2024-01-18 09:00:00
5,270.705195735435,284.886967851442,118.839452288822,2024-01-18 10:00:00
5,270.45515440794,282.671730523411,119.320494952333,2024-01-18 11:00:00
5,269.948113039082,276.479751084903,118.096954924835,2024-01-18 12:00:00
5,268.726604965792,272.568326469695,117.372998974354,2024-01-18 13:00:00
5,268.626445009648,272.141383308422,117.260031853776,2024-01-18 14:00:00
5,266.276631947734,270.667291211247,117.471455815088,2024-01-18 15:00:00
5,265.451516939211,270.940846375546,117.464249962038,2024-01-18 16:00:00
5,262.475902083268,269.910228775328,116.792885035102,2024-01-18 17:00:00
5,260.554695525108,267.503849356656,116.337165222828,2024-01-18 18:00:00
5,261.402297678294,265.988007158114,115.712917290925,2024-01-18 19:00:00
5,261.53175791132,265.4542746481,115.540577409083,2024-01-18 20:00:00
5,261.451908288408,260.161665983884,113.503097474615,2024-01-18 21:00:00
5,259.761091699547,257.889126786781,113.188880973753,2024-01-18 22:00:00
5,259.846424301092,255.728432207151,112.881826337162,2024-01-18 23:00:00
5,258.659856475242,252.402539424133,113.266743111187,2024-01-19 00:00:00
5,257.033832711272,250.320648849361,114.597211060545,2024-01-19 01:00:00
5,256.228196832305,246.130413428085,118.708384717465,2024-01-19 02:00:00
5,260.113176232918,242.391772944111,124.110931461862,2024-01-19 03:00:00
5,262.306552391976,239.712963047635,126.376252258815,2024-01-19 04:00:00
5,271.194297697149,241.655320862427,128.682115036548,2024-01-19 05:00:00
5,272.813521873361,239.471267402792,129.530937412319,2024-01-19 06:00:00
5,267.456425656696,228.914201637134,136.424155777994,2024-01-19 07:00:00
5,265.109735319927,226.790896695827,139.213759761787,2024-01-19 08:00:00
5,262.586358164618,225.707412103092,140.671286995253,2024-01-19 09:00:00
5,255.846120012347,227.104427702944,143.439122740603,2024-01-19 10:00:00
5,253.908961045558,227.987275088424,144.105192122619,2024-01-19 11:00:00
5,250.492505821392,228.648596979866,145.058411858296,2024-01-19 12:00:00
5,248.723757439091,230.664019969673,147.293812081646,2024-01-19 13:00:00
5,252.139707570051,234.343075568316,148.691343090009,2024-01-19 14:00:00
5,253.36075696686,237.966852215442,149.971555445022,2024-01-19 15:00:00
5,254.919773396186,242.762823672345,151.159103901639,2024-01-19 16:00:00
5,255.991102155694,243.114447652428,151.070726583918,2024-01-19 17:00:00
5,260.00405007681,243.927108348957,149.169699577051,2024-01-19 18:00:00
5,261.332035036611,245.449330679522,148.40830533935,2024-01-19 19:00:00
5,260.443197777761,252.010188195635,143.784379012207,2024-01-19 20:00:00
5,260.141524702208,252.536291932317,143.457921603706,2024-01-19 21:00:00
5,260.279517255365,253.844054835904,143.162233625079,2024-01-19 22:00:00
5,260.532208622553,255.301616962107,143.187518535005,2024-01-19 23:00:00
5,260.220592271676,257.799084878174,143.369292164083,2024-01-20 00:00:00
5,258.547888014803,258.852999293106,143.331377867502,2024-01-20 01:00:00
5,258.611858229942,262.858765971628,144.717913340932,2024-01-20 02:00:00
5,258.324945941471,263.972372395486,145.076043995696,2024-01-20 03:00:00
5,256.651729999354,266.411435806888,147.758162235233,2024-01-20 04:00:00
5,246.910083770162,284.178341466215,157.774734954223,2024-01-20 05:00:00
5,245.755119639364,284.700723936387,158.137981487535,2024-01-20 06:00:00
5,243.088456580351,288.078372181959,157.487467775024,2024-01-20 07:00:00
5,241.452416809663,288.265665497892,156.889394597262,2024-01-20 08:00:00
5,239.61456402917,286.731142436206,157.199302229883,2024-01-20 09:00:00
5,237.634952772677,285.954092989378,157.28151915478,2024-01-20 10:00:00
5,234.981467246094,285.665846079692,158.532089006244,2024-01-20 11:00:00
5,232.565672411938,284.638638880531,159.21705777167,2024-01-20 12:00:00
5,226.46521457997,284.856837311934,160.754864233816,2024-01-20 13:00:00
5,223.718539301354,287.262063065256,160.449948668457,2024-01-20 14:00:00
5,221.157397147096,288.076959789662,161.26511018759,2024-01-20 15:00:00
5,216.273732208119,290.65400240249,163.59578419314,2024-01-20 16:00:00
5,215.506545114854,290.971343431832,163.818587555142,2024-01-20 17:00:00
5,214.224042831585,293.331433982089,164.696773314534,2024-01-20 18:00:00
5,213.468839862886,293.467330495671,164.740737373768,2024-01-20 19:00:00
5,205.100091972181,298.341609112413,162.628316428837,2024-01-20 20:00:00
5,203.331994125009,299.094381648493,162.499047311872,2024-01-20 21:00:00
5,194.044652673073,294.786878141449,165.314132968922,2024-01-20 22:00:00
5,192.933878224428,292.957896996173,166.462750470224,2024-01-20 23:00:00
5,193.817495082166,290.924286881517,167.714196922642,2024-01-21 00:00:00
5,193.048477418613,289.401368106895,168.789508113147,2024-01-21 01:00:00
5,190.133872780109,278.188046779065,178.034400688012,2024-01-21 02:00:00
5,186.888975381355,277.305280671099,178.448434491487,2024-01-21 03:00:00
5,182.603926839584,279.794987933276,178.38787598646,2024-01-21 04:00:00
5,180.958974205178,283.171692843121,178.521044409969,2024-01-21 05:00:00
5,175.309238784426,289.384386757877,178.396461877911,2024-01-21 06:00:00
5,172.240532528965,290.06947879684,178.719675304616,2024-01-21 07:00:00
5,166.415975571056,287.823384587786,179.038560577127,2024-01-21 08:00:00
5,163.451351598908,283.000758157244,177.869491189966,2024-01-21 09:00:00
5,162.057854063699,282.464430181818,177.825661036795,2024-01-21 10:00:00
5,156.080483492378,279.677048371659,176.092654605017,2024-01-21 11:00:00
5,153.068448142044,278.652582418562,175.338759447614,2024-01-21 12:00:00
5,152.510081955721,278.293569901546,175.20514272626,2024-01-21 13:00:00
5,147.426110294669,275.799498089177,172.538239749162,2024-01-21 14:00:00
5,146.983015148369,275.043293275289,172.647605027908,2024-01-21 15:00:00
5,146.660815258945,273.780896960723,172.42275786191,2024-01-21 16:00:00
5,149.187937601768,268.233219849355,171.191955006193,2024-01-21 17:00:00
5,149.913825770957,260.158917879993,170.32969603086,2024-01-21 18:00:00
5,147.246292698522,259.425309298565,170.46744608074,2024-01-21 19:00:00
5,146.691563604109,249.827707144315,168.935648145704,2024-01-21 20:00:00
5,146.224246895237,248.548215923538,168.952201159742,2024-01-21 21:00:00
5,142.451067523002,242.659626198862,167.681914167821,2024-01-21 22:00:00
5,142.719397561543,241.837144243053,167.512155444562,2024-01-21 23:00:00
5,144.018486746813,235.211073776843,166.916921396235,2024-01-22 00:00:00
5,147.228888180438,232.311144185436,166.84250413143,2024-01-22 01:00:00
5,148.13653561008,229.580858715281,168.660517749085,2024-01-22 02:00:00
5,151.717378539643,228.193080625846,170.306793356189,2024-01-22 03:00:00
5,161.091736365531,229.139380524298,175.196654306124,2024-01-22 04:00:00
5,164.726126726485,229.04015832107,178.214565996371,2024-01-22 05:00:00
5,165.937415852844,229.624586067339,179.500940257813,2024-01-22 06:00:00
5,166.285366793204,229.696859675771,180.946980721136,2024-01-22 07:00:00
6,282.31736277156,286.598955687459,92.6075044388621,2024-01-22 08:00:00
6,277.418515844993,277.252410248621,88.9536820327945,2024-01-22 09:00:00
6,277.744271638476,275.13096895116,88.6086592619204,2024-01-22 10:00:00
6,278.108439141211,272.581635437944,88.681308878605,2024-01-22 11:00:00
6,280.297525667608,270.359613067261,88.2242251391403,2024-01-22 12:00:00
6,287.455645229642,268.699162612208,83.4041468574067,2024-01-22 13:00:00
6,288.644435133574,268.347895337102,81.8013479199816,2024-01-22 14:00:00
6,288.900620157525,268.421660030442,81.4136618239715,2024-01-22 15:00:00
6,289.349307508522,271.848699810807,76.7839167589588,2024-01-22 16:00:00
6,289.700518869149,272.500070841837,76.2486775727518,2024-01-22 17:00:00
6,290.983492483728,272.822578484889,75.5370950817869,2024-01-22 18:00:00
6,291.705258189646,273.09877914528,75.3534334789672,2024-01-22 19:00:00
6,297.028847375027,275.662660742404,72.9919228088661,2024-01-22 20:00:00
6,297.569584712427,277.151595836635,71.9303781958187,2024-01-22 21:00:00
6,297.047789942981,279.552053255243,68.5150859562251,2024-01-22 22:00:00
6,290.06399913129,278.45336724383,63.2691413817042,2024-01-22 23:00:00
6,285.606629854801,281.485004107078,62.2429907821981,2024-01-23 00:00:00
6,285.187084773397,283.055587098845,62.1020728204164,2024-01-23 01:00:00
6,283.005800771052,285.061280202412,61.8083427266185,2024-01-23 02:00:00
6,279.542555061844,285.679667395083,61.2676099906282,2024-01-23 03:00:00
6,275.866198012644,285.411623976465,60.5430557927932,2024-01-23 04:00:00
6,275.324222733699,285.099445299762,60.505492168421,2024-01-23 05:00:00
6,270.702096648795,285.262013783742,60.5213227376156,2024-01-23 06:00:00
6,267.811870003046,285.764568001249,60.7096827957565,2024-01-23 07:00:00
6,264.737011466842,289.427952056086,60.8062826134078,2024-01-23 08:00:00
6,259.572532641925,290.525925623537,61.7219597906537,2024-01-23 09:00:00
6,253.54804248856,295.304169272236,64.1400563540314,2024-01-23 10:00:00
6,248.642673603995,298.717526054073,64.2752025064503,2024-01-23 11:00:00
6,243.781043951853,299.862147155765,64.5723277931095,2024-01-23 12:00:00
6,238.051980755049,301.664716590708,65.955903581749,2024-01-23 13:00:00
6,234.196855241831,299.930644566993,68.4224082259832,2024-01-23 14:00:00
6,231.33183161343,298.478681170089,71.698750675728,2024-01-23 15:00:00
6,230.685773346952,297.204863127039,73.202787508979,2024-01-23 16:00:00
6,230.010109358441,296.76695024338,74.4018402354927,2024-01-23 17:00:00
6,227.651422012307,293.790227832965,76.4223060052844,2024-01-23 18:00:00
6,225.590069355649,293.291930885989,77.8050077400075,2024-01-23 19:00:00
6,224.857986459835,292.406281391854,79.0820463648891,2024-01-23 20:00:00
6,223.810064744462,291.948926808322,80.0970804923643,2024-01-23 21:00:00
6,222.815483039941,289.990113318603,82.474595781432,2024-01-23 22:00:00
6,222.384889248736,289.181448599082,84.028797903655,2024-01-23 23:00:00
6,223.801594065432,288.135580974296,85.0737735252916,2024-01-24 00:00:00
6,225.219313764649,288.965787234193,86.4655453831377,2024-01-24 01:00:00
6,226.395940113261,288.445032969332,88.3763929515062,2024-01-24 02:00:00
6,227.622914754945,286.463641215833,90.7930400338843,2024-01-24 03:00:00
6,228.757570799765,286.299922673197,92.2530820499362,2024-01-24 04:00:00
6,229.125457391811,286.295042142989,92.6490476994861,2024-01-24 05:00:00
6,237.064893437431,286.768969678603,97.4949212703937,2024-01-24 06:00:00
6,244.213979315942,293.272623469144,99.4272720400026,2024-01-24 07:00:00
6,247.132112030656,294.350939069877,99.4515624763727,2024-01-24 08:00:00
6,247.994713386626,293.536864404723,99.4672383098876,2024-01-24 09:00:00
6,249.877725122816,293.13981130656,99.5227837024427,2024-01-24 10:00:00
6,253.067394468494,292.918576458902,98.8865591472753,2024-01-24 11:00:00
6,255.086129697187,290.47725883001,98.0665681320138,2024-01-24 12:00:00
6,257.2158972486,289.171819220405,98.471806151778,2024-01-24 13:00:00
6,260.407344165296,289.148980671858,97.0290902825377,2024-01-24 14:00:00
6,264.913907596333,288.416457016184,94.1742758278974,2024-01-24 15:00:00
6,266.698356931698,288.818678488077,92.1893046980935,2024-01-24 16:00:00
6,270.008196271547,286.55442003217,90.9749726603012,2024-01-24 17:00:00
6,270.653758480331,285.473378665209,90.9597229778387,2024-01-24 18:00:00
6,275.163246626906,276.779812304948,92.6905758425089,2024-01-24 19:00:00
6,282.266502125299,274.342056147189,95.2834136277099,2024-01-24 20:00:00
6,282.815218107443,274.406427251062,95.2326811086159,2024-01-24 21:00:00
6,291.060397183572,269.92848542949,95.0699980397379,2024-01-24 22:00:00
6,293.140995086634,270.078448542613,94.6797115426499,2024-01-24 23:00:00
6,297.230659932389,271.454737882392,94.0631159732711,2024-01-25 00:00:00
6,309.057221652882,270.932495876315,92.3752009516418,2024-01-25 01:00:00
6,310.508333731531,269.887606841578,92.5542730033461,2024-01-25 02:00:00
6,310.595113181181,268.17380449765,92.4429824911673,2024-01-25 03:00:00
6,313.071767229887,263.705315685977,91.1656961785493,2024-01-25 04:00:00
6,315.854966036833,264.719083286612,90.8678289732852,2024-01-25 05:00:00
6,321.712506858704,263.477867198463,91.1095306798785,2024-01-25 06:00:00
6,325.94262662881,258.50910997668,90.622847746868,2024-01-25 07:00:00
6,334.919458128695,248.749327883686,88.3904072282855,2024-01-25 08:00:00
6,335.394909367787,246.157096264613,88.8866927441663,2024-01-25 09:00:00
6,334.116425832181,243.198678249502,89.0325669849118,2024-01-25 10:00:00
6,335.576922662276,237.110277656309,86.5403082823496,2024-01-25 11:00:00
6,332.862423202458,234.847143315889,86.5101537787046,2024-01-25 12:00:00
6,333.381135670185,232.998957893723,86.7923328306948,2024-01-25 13:00:00
6,332.300883229314,230.828294699234,86.9722295158781,2024-01-25 14:00:00
6,332.384830040576,229.822332343199,86.9381814621049,2024-01-25 15:00:00
6,331.979683037681,225.477561056119,89.4449649763846,2024-01-25 16:00:00
6,334.212001106683,223.387582945861,92.113122539892,2024-01-25 17:00:00
6,340.361032394481,223.20585373594,94.9871139926366,2024-01-25 18:00:00
6,345.538133507742,217.717821395705,97.1365828091643,2024-01-25 19:00:00
6,350.121462336193,214.871731739552,97.1680079254587,2024-01-25 20:00:00
6,352.72019609652,214.642030494912,97.2159951590371,2024-01-25 21:00:00
6,357.286497292196,214.569444384772,95.5743502615426,2024-01-25 22:00:00
6,360.356272120692,212.878429104784,95.025078531188,2024-01-25 23:00:00
6,360.970467998957,210.479218371028,95.6026527614297,2024-01-26 00:00:00
6,359.047662111967,207.582128133754,93.0694128145382,2024-01-26 01:00:00
6,360.338669677679,199.448306653565,89.4338337230943,2024-01-26 02:00:00
6,359.540746674901,198.709791186534,89.1015181175304,2024-01-26 03:00:00
6,358.76354211956,195.850725585936,88.4301580379697,2024-01-26 04:00:00
6,359.590263138595,193.572167457702,87.9260877801932,2024-01-26 05:00:00
6,361.753557898272,190.866939358385,86.9748384344374,2024-01-26 06:00:00
6,362.879958029878,187.559212070891,86.8786415916567,2024-01-26 07:00:00
6,362.812977712469,185.974748201392,86.8518705123459,2024-01-26 08:00:00
6,363.02469997858,184.822252652706,86.6641580445918,2024-01-26 09:00:00
6,362.769879981802,182.791739718174,86.5664152381439,2024-01-26 10:00:00
6,369.357601532663,176.406361383575,85.9925830474799,2024-01-26 11:00:00
7,277.743289095858,261.795287465805,101.149716138711,2024-01-26 12:00:00
7,276.361895041544,262.256680382509,100.890636228352,2024-01-26 13:00:00
7,275.540303380793,262.545714094233,100.617724230955,2024-01-26 14:00:00
7,273.965654675528,266.678777292705,100.952552746609,2024-01-26 15:00:00
7,273.467358281425,267.128033673538,100.779511210408,2024-01-26 16:00:00
7,271.168194525443,269.001142985018,98.4615341778426,2024-01-26 17:00:00
7,266.549305062854,266.867573161079,97.205525693701,2024-01-26 18:00:00
7,265.253058831129,266.912521574992,96.8100388277016,2024-01-26 19:00:00
7,259.908783829705,269.076294023479,94.8486929961905,2024-01-26 20:00:00
7,259.621109939795,272.110363547667,93.7836208240173,2024-01-26 21:00:00
7,258.629172368275,273.094123088498,93.0797299400473,2024-01-26 22:00:00
7,256.685654817785,276.477895016957,91.8622846251441,2024-01-26 23:00:00
7,256.194491063336,277.892343763474,91.4220688530925,2024-01-27 00:00:00
7,258.214604331614,283.723830643019,90.268027860471,2024-01-27 01:00:00
7,259.702946680296,284.143126082026,90.0616820078464,2024-01-27 02:00:00
7,262.863171331944,289.644963276426,87.5903801388908,2024-01-27 03:00:00
7,263.918727919386,290.004185356733,88.0679454168409,2024-01-27 04:00:00
7,265.961094834628,291.537853522102,89.5184092349958,2024-01-27 05:00:00
7,266.584403940418,291.885381890584,89.7510252098093,2024-01-27 06:00:00
7,270.715951778694,292.395312963341,91.4170702872968,2024-01-27 07:00:00
7,271.897587688263,293.209303875762,92.0556282781913,2024-01-27 08:00:00
7,273.536080242578,301.84519552169,94.7451958469376,2024-01-27 09:00:00
7,280.218107236375,303.916863889981,93.7561220368105,2024-01-27 10:00:00
7,281.227133302311,304.443578794563,93.8304331574561,2024-01-27 11:00:00
7,282.326247581528,305.229947308102,93.9923600614538,2024-01-27 12:00:00
7,284.575874690517,307.238667129236,94.150873840567,2024-01-27 13:00:00
7,288.028570137072,308.06094714143,93.5503561441081,2024-01-27 14:00:00
7,289.118739323757,313.480196418675,92.2709145218704,2024-01-27 15:00:00
7,288.393067865412,315.150223054734,92.1876155183107,2024-01-27 16:00:00
7,286.135900914323,317.987318201355,91.7358489480966,2024-01-27 17:00:00
7,282.677769939381,319.178292876224,90.6242187374218,2024-01-27 18:00:00
7,281.020795751636,318.815282691103,90.230593594672,2024-01-27 19:00:00
7,278.547573345763,314.637080203348,88.4777228263453,2024-01-27 20:00:00
7,272.044192821911,310.557294609567,88.0910146816313,2024-01-27 21:00:00
7,269.896009858864,310.801605049866,86.5677136381381,2024-01-27 22:00:00
7,266.601644925946,313.10769803994,84.4465434422622,2024-01-27 23:00:00
7,265.30664017262,313.362339894135,84.3764538580144,2024-01-28 00:00:00
7,262.105940836875,316.244459085367,85.2523525631197,2024-01-28 01:00:00
7,259.517392376691,328.498397133639,88.7047606833569,2024-01-28 02:00:00
7,259.95766395944,329.926401496375,88.7761335413016,2024-01-28 03:00:00
7,261.147922214104,330.796195947853,88.9362154598732,2024-01-28 04:00:00
7,266.949655495506,329.780848383569,87.83335337202,2024-01-28 05:00:00
7,269.109912061799,331.216555821226,85.9882060627928,2024-01-28 06:00:00
7,269.570401241914,331.955545570206,85.2876085298211,2024-01-28 07:00:00
7,269.281734025825,336.611430530989,84.2676059812912,2024-01-28 08:00:00
7,270.71681417066,339.824517152623,84.077238922103,2024-01-28 09:00:00
7,272.445765631277,351.063107508976,84.1670203871594,2024-01-28 10:00:00
7,271.524794378121,352.085086009166,83.8981601456506,2024-01-28 11:00:00
7,271.892689381091,357.608893555452,83.4320332957539,2024-01-28 12:00:00
7,275.067343188134,365.19213999945,84.7575011128147,2024-01-28 13:00:00
7,275.707353892322,366.097136612716,85.0400764071025,2024-01-28 14:00:00
7,276.319017566553,369.60533385968,86.9614905926106,2024-01-28 15:00:00
7,278.621088244945,373.104307062318,86.8265349854255,2024-01-28 16:00:00
7,280.175185773385,374.982431290046,86.1650843647568,2024-01-28 17:00:00
7,283.379583222784,379.10531733263,84.8392090978487,2024-01-28 18:00:00
7,284.46616986067,386.637620316377,83.3732952713592,2024-01-28 19:00:00
7,281.001835277655,388.873676238296,83.7278836131598,2024-01-28 20:00:00
7,279.589029744274,388.889714417181,83.6893156538413,2024-01-28 21:00:00
7,276.980847679188,384.825737045952,81.6765989630215,2024-01-28 22:00:00
7,274.63813398684,379.184293598911,80.7614518820255,2024-01-28 23:00:00
7,273.056636488832,375.962563233087,83.4098253369734,2024-01-29 00:00:00
7,272.941069900343,375.773946845575,83.9940190705523,2024-01-29 01:00:00
7,273.39956065591,373.838477750942,85.746895237307,2024-01-29 02:00:00
7,272.092930898127,372.270643021831,86.2567998981276,2024-01-29 03:00:00
7,270.587069173444,372.092183930154,86.9801995983952,2024-01-29 04:00:00
7,266.833694087479,374.578362968602,88.3252836053169,2024-01-29 05:00:00
7,267.684337990081,382.356879857737,90.0731107309039,2024-01-29 06:00:00
7,267.166942456566,383.890820327821,90.6683615857457,2024-01-29 07:00:00
7,269.086457709423,389.645325595215,91.6133291921812,2024-01-29 08:00:00
7,270.698719141649,394.81733753002,91.9473188674091,2024-01-29 09:00:00
7,271.389209098743,398.678491533545,92.4293724085134,2024-01-29 10:00:00
7,275.267126874505,403.216940343391,93.0310380745461,2024-01-29 11:00:00
7,274.515829427306,404.659224032292,92.3540447043283,2024-01-29 12:00:00
7,272.205070097211,411.103464478759,86.898717856652,2024-01-29 13:00:00
7,272.142860658246,412.188121414042,86.2260470503394,2024-01-29 14:00:00
7,273.59220634169,413.122983596156,85.1719237184801,2024-01-29 15:00:00
7,274.439868532664,413.434520815776,84.826124339237,2024-01-29 16:00:00
7,277.039774045726,413.225234492697,84.1396795078626,2024-01-29 17:00:00
7,281.322176372306,414.875671764278,83.1720356784911,2024-01-29 18:00:00
7,284.839686896727,414.935940428112,82.1716796275824,2024-01-29 19:00:00
7,285.435417935835,415.282538939026,82.0813883040558,2024-01-29 20:00:00
7,287.365927309848,423.231037229473,79.2902948755894,2024-01-29 21:00:00
7,287.624964532658,425.701538927465,78.2110620792505,2024-01-29 22:00:00
7,283.997368517418,428.348237299256,76.8614301616315,2024-01-29 23:00:00
7,283.398232928104,429.276395167037,76.2032392048611,2024-01-30 00:00:00
7,282.951398905653,430.772355285166,75.4119688325884,2024-01-30 01:00:00
7,280.026979021069,432.95238271395,72.6079910314012,2024-01-30 02:00:00
7,276.601318501925,435.028098551322,71.2676394785678,2024-01-30 03:00:00
7,258.525866220952,434.570558688579,70.4998445494563,2024-01-30 04:00:00
7,257.507990741654,435.024690928173,70.4365203258316,2024-01-30 05:00:00
7,257.065602037707,435.979121655375,70.4729197864637,2024-01-30 06:00:00
7,254.310630807475,438.317448855594,70.9345712741289,2024-01-30 07:00:00
7,253.934992596345,439.896406698753,70.0273195410979,2024-01-30 08:00:00
7,250.523628216448,444.914953109129,66.8777542693082,2024-01-30 09:00:00
7,247.288219414315,446.545654231018,65.185570221087,2024-01-30 10:00:00
7,245.551707287626,446.290463514544,64.8211325109863,2024-01-30 11:00:00
7,243.327897194871,443.164899845992,64.2315031806793,2024-01-30 12:00:00
7,240.445549524055,442.359228061325,64.7238068846232,2024-01-30 13:00:00
7,236.033764822797,443.567559410123,63.6786863047149,2024-01-30 14:00:00
7,225.884272769037,446.312853498258,64.1529996080855,2024-01-30 15:00:00
8,290.616270114743,223.012076560769,78.2450875944712,2024-01-30 16:00:00
8,289.444371955953,225.939514395345,77.384922804589,2024-01-30 17:00:00
8,289.220158941395,225.972530033354,77.4224400419752,2024-01-30 18:00:00
8,287.831552705261,227.981768489912,77.7209641715196,2024-01-30 19:00:00
8,287.474447037461,228.901870487585,77.9813778611685,2024-01-30 20:00:00
8,286.273142263145,230.735645250624,78.7678479990785,2024-01-30 21:00:00
8,285.58450946165,237.945691464181,77.8086300427129,2024-01-30 22:00:00
8,286.894570272449,240.970747060418,78.4795542578523,2024-01-30 23:00:00
8,282.74751742822,247.259509755944,76.9323566055897,2024-01-31 00:00:00
8,279.768393683434,257.033641774788,71.4997306351614,2024-01-31 01:00:00
8,280.67834750906,261.080920498981,69.5599423846169,2024-01-31 02:00:00
8,280.613902099053,262.170917009514,69.0641030344334,2024-01-31 03:00:00
8,283.307947267572,266.82404043183,66.5404967820408,2024-01-31 04:00:00
8,284.29646049464,268.106426956937,65.2208608357289,2024-01-31 05:00:00
8,284.621625048479,269.004007692776,65.0329830627844,2024-01-31 06:00:00
8,283.40824627737,272.076205785264,65.2003257397277,2024-01-31 07:00:00
8,282.618159048474,273.910607717422,65.3313129262585,2024-01-31 08:00:00
8,281.080698081819,274.506749483664,65.1421607410712,2024-01-31 09:00:00
8,274.39118518269,278.50942175073,62.6532756849024,2024-01-31 10:00:00
8,273.343564336546,280.154306285161,62.0709832418297,2024-01-31 11:00:00
8,276.640589232118,288.195914822928,62.118863223118,2024-01-31 12:00:00
8,276.829194825101,289.715567757843,62.0731760949628,2024-01-31 13:00:00
8,276.668306704101,290.231395689419,62.1180792174963,2024-01-31 14:00:00
8,280.787252700178,296.412257638993,63.0248557321415,2024-01-31 15:00:00
8,280.858946153971,297.020081217503,63.0201857901142,2024-01-31 16:00:00
8,276.621917903671,307.008113014946,59.6455945041743,2024-01-31 17:00:00
8,276.596012297169,308.767581132513,58.7865036272974,2024-01-31 18:00:00
8,275.752175879011,310.521384112115,57.7685483009608,2024-01-31 19:00:00
8,271.77372998174,317.901892511583,53.0679603596446,2024-01-31 20:00:00
8,271.107116095412,317.978875946895,52.9709277735772,2024-01-31 21:00:00
8,269.774531031746,318.112544779403,52.502260943335,2024-01-31 22:00:00
8,268.013737665816,319.091782826489,51.1443010238182,2024-01-31 23:00:00
8,267.983747552914,319.560157464586,50.7376648377498,2024-02-01 00:00:00
8,266.240378854886,322.640370695704,49.6691929065359,2024-02-01 01:00:00
8,265.981104327856,324.494115285718,49.2757527114014,2024-02-01 02:00:00
8,266.285913911386,327.144679937919,48.7912544154237,2024-02-01 03:00:00
8,264.534448814789,331.019099576982,48.5408773922044,2024-02-01 04:00:00
8,264.782025886955,332.043600244496,48.6419885932863,2024-02-01 05:00:00
8,266.313586597348,335.163690650756,49.7961831042234,2024-02-01 06:00:00
8,267.636693226598,338.443311123198,51.105983583899,2024-02-01 07:00:00
8,268.844184760533,339.609132914934,52.1314335260798,2024-02-01 08:00:00
8,271.871847169654,343.329808036073,54.4210761051559,2024-02-01 09:00:00
8,274.534105048347,344.977815687957,55.1603265138175,2024-02-01 10:00:00
8,278.12573383727,347.568310209014,55.1120727104341,2024-02-01 11:00:00
8,283.462643706689,344.0649255365,55.0127002684391,2024-02-01 12:00:00
8,283.843878938361,344.162362486842,54.9651994756796,2024-02-01 13:00:00
8,286.495760270966,344.083273032335,53.9519147159345,2024-02-01 14:00:00
8,288.460898783915,346.772772984806,53.3982798031901,2024-02-01 15:00:00
8,288.68438507261,347.693228652959,52.7055058202304,2024-02-01 16:00:00
8,290.375460761863,348.92442706616,50.663346607259,2024-02-01 17:00:00
8,292.461445335032,348.042846885959,47.3496073104469,2024-02-01 18:00:00
8,297.966918659494,350.392509670423,36.6288422646127,2024-02-01 19:00:00
8,298.851387368801,348.952021432256,35.7316760088102,2024-02-01 20:00:00
8,298.434953988107,348.107073563919,35.6195435118445,2024-02-01 21:00:00
8,297.152498865248,346.703360881628,35.8602941894837,2024-02-01 22:00:00
8,294.188275641244,346.043946155088,35.8313256698,2024-02-01 23:00:00
8,293.192392975839,345.518340887736,35.4737410268527,2024-02-02 00:00:00
8,292.637196760058,345.601489854777,35.4156821956435,2024-02-02 01:00:00
8,291.57109133577,346.201845103569,35.2675334269487,2024-02-02 02:00:00
8,288.948592618348,347.106538522452,34.6644965902944,2024-02-02 03:00:00
8,286.622633558187,349.071403362693,34.6989411383201,2024-02-02 04:00:00
8,282.538610462754,350.267329585583,36.6466696882235,2024-02-02 05:00:00
8,279.910955150672,352.554302509882,39.1266994369107,2024-02-02 06:00:00
8,279.749583640441,352.590095063817,39.2020772691067,2024-02-02 07:00:00
8,278.097353659147,352.584364905137,40.1092163076835,2024-02-02 08:00:00
8,277.042058353776,351.670660916371,41.0627355566307,2024-02-02 09:00:00
8,273.727914506451,350.68360107446,43.8213429384751,2024-02-02 10:00:00
8,272.181503637256,350.88426354243,45.2622307104497,2024-02-02 11:00:00
8,270.634275436979,348.731787157561,46.602735140895,2024-02-02 12:00:00
8,267.306397691164,346.745149469215,47.2629806860157,2024-02-02 13:00:00
8,266.05244611844,346.436883929081,47.6940379733793,2024-02-02 14:00:00
8,263.481351778287,339.573757149357,50.7599386268864,2024-02-02 15:00:00
8,263.302912932789,339.475095665657,50.9737978868053,2024-02-02 16:00:00
8,263.010775097872,336.933247473681,52.3864133125619,2024-02-02 17:00:00
8,266.410743792242,333.696012393391,52.7389858037425,2024-02-02 18:00:00
8,266.835521759983,332.356066519459,52.672919372822,2024-02-02 19:00:00
8,265.699646485735,330.684020786889,52.7493572158369,2024-02-02 20:00:00
8,265.004535197158,319.708058083355,55.0550256371745,2024-02-02 21:00:00
8,264.982746054686,319.154411691938,54.9774438412246,2024-02-02 22:00:00
8,262.560339702521,317.494410366118,54.4574720822298,2024-02-02 23:00:00
8,261.76020759132,311.968936611187,51.364276153876,2024-02-03 00:00:00
8,264.68127574652,306.407713352083,50.8850905713882,2024-02-03 01:00:00
8,268.201316190746,300.574583372676,49.5984972558611,2024-02-03 02:00:00
8,269.837540715638,300.830320794072,49.4441235007566,2024-02-03 03:00:00
8,275.755630387733,296.967576703874,49.9272029259977,2024-02-03 04:00:00
8,279.500696431704,300.264878552547,49.5793055551484,2024-02-03 05:00:00
8,282.414247888213,304.85148248388,49.7426322851218,2024-02-03 06:00:00
8,284.244912804382,306.305378142082,49.3501170221003,2024-02-03 07:00:00
8,288.180153248385,308.424139673181,48.7078761223833,2024-02-03 08:00:00
8,289.722528562655,309.492431043994,47.7245967286204,2024-02-03 09:00:00
8,289.317415075578,310.622592322018,47.5166851979824,2024-02-03 10:00:00
8,288.116934798748,313.046165494511,47.1011856397619,2024-02-03 11:00:00
8,287.186319835226,313.501668126479,46.5606369469366,2024-02-03 12:00:00
8,285.023699560812,315.207210793073,46.0508143918645,2024-02-03 13:00:00
8,282.002117580622,317.004605873105,43.6968597543823,2024-02-03 14:00:00
8,277.275445024649,320.217743139065,39.7518427246544,2024-02-03 15:00:00
8,275.521429163937,321.822005565932,37.8417625543874,2024-02-03 16:00:00
8,273.286243440953,322.490474911717,35.6642202021756,2024-02-03 17:00:00
8,267.480777449622,321.637884055049,30.6513705930391,2024-02-03 18:00:00
8,265.941781042259,320.902890586989,29.2660968071501,2024-02-03 19:00:00
9,239.368377444926,209.13598321875,116.496203756513,2024-02-03 20:00:00
9,249.749410501907,204.693276575743,116.612570364455,2024-02-03 21:00:00
9,251.5206827604,204.730227439874,116.610648390652,2024-02-03 22:00:00
9,257.381354720656,205.682077216372,116.925333626255,2024-02-03 23:00:00
9,260.104373524961,211.03350448424,113.820148805473,2024-02-04 00:00:00
9,260.391341994605,212.519352386116,113.30336094956,2024-02-04 01:00:00
9,261.623714332233,216.920084685136,112.702201118572,2024-02-04 02:00:00
9,268.356893798662,219.960314160994,112.988283987642,2024-02-04 03:00:00
9,270.718702124188,220.102921535024,112.965609920621,2024-02-04 04:00:00
9,274.933135604808,221.488965110065,114.630040624486,2024-02-04 05:00:00
9,278.509527183946,220.578709865587,116.375827659758,2024-02-04 06:00:00
9,279.806126352219,222.088607916497,116.341570490401,2024-02-04 07:00:00
9,280.73378724802,223.76090108716,117.105420871683,2024-02-04 08:00:00
9,284.017972940598,228.898369493895,119.822243031875,2024-02-04 09:00:00
9,284.836876695868,229.538732689032,119.968454973535,2024-02-04 10:00:00
9,285.576187425589,230.941935536719,119.30420541375,2024-02-04 11:00:00
9,288.318164771113,231.021069189276,118.648731282146,2024-02-04 12:00:00
9,292.914925761762,229.790451120341,117.283240021686,2024-02-04 13:00:00
9,295.346882056973,230.284971045043,116.948339873643,2024-02-04 14:00:00
9,296.377525062856,230.680467199775,116.754053907956,2024-02-04 15:00:00
9,301.194964846021,230.421593859573,116.83621127551,2024-02-04 16:00:00
9,302.068417344424,230.36030419479,116.912354680678,2024-02-04 17:00:00
9,303.410728043946,226.227598489341,116.052932001246,2024-02-04 18:00:00
9,302.803825909391,222.983632060347,115.718131537447,2024-02-04 19:00:00
9,297.249949365206,220.509707745099,113.608677622172,2024-02-04 20:00:00
9,295.607127013805,218.042579556254,111.327456153386,2024-02-04 21:00:00
9,294.872493385617,215.989577923028,109.964735964853,2024-02-04 22:00:00
9,292.146220730444,212.010367226076,107.94908874339,2024-02-04 23:00:00
9,291.538906373128,210.031400985801,106.732670388807,2024-02-05 00:00:00
9,291.670464525619,207.503045367439,105.999360395157,2024-02-05 01:00:00
9,291.693315541949,205.195786937106,105.738903492998,2024-02-05 02:00:00
9,292.533666200325,202.28330637147,106.544928467578,2024-02-05 03:00:00
9,290.963022476476,199.46506608171,106.083890424641,2024-02-05 04:00:00
9,286.117445269993,197.458666230206,105.075899818275,2024-02-05 05:00:00
9,284.923743478313,196.412374783345,104.520228270087,2024-02-05 06:00:00
9,285.022324413944,194.690342599429,104.312796186297,2024-02-05 07:00:00
9,286.151206280841,192.52430220665,104.046718204923,2024-02-05 08:00:00
9,286.774048262542,191.718442237369,103.815533968364,2024-02-05 09:00:00
9,290.608874758622,190.137956989887,102.894026499669,2024-02-05 10:00:00
9,297.982782409552,190.044913518653,102.560545634592,2024-02-05 11:00:00
9,302.640374788684,190.00592275727,102.731290976167,2024-02-05 12:00:00
9,303.466712904167,190.82571164372,102.960770411293,2024-02-05 13:00:00
9,303.440726423962,192.070264066018,103.582273512429,2024-02-05 14:00:00
9,301.379649475527,194.44071588853,104.019466397395,2024-02-05 15:00:00
9,300.886671025263,197.084706439408,104.336129923661,2024-02-05 16:00:00
9,299.375211102035,198.44532035105,104.558487540182,2024-02-05 17:00:00
9,297.964384235253,203.072836187324,105.675789689287,2024-02-05 18:00:00
9,295.039785303319,205.800260116547,104.713975764568,2024-02-05 19:00:00
9,295.000119329076,207.485470657952,103.478494032578,2024-02-05 20:00:00
9,294.290470945687,210.204878341653,100.367125996015,2024-02-05 21:00:00
9,293.734714444469,212.223270433448,97.5074807193576,2024-02-05 22:00:00
9,294.500089016437,212.538776609497,97.0777317077547,2024-02-05 23:00:00
9,297.447190266319,212.729264885915,95.6250519921361,2024-02-06 00:00:00
9,299.478646664749,212.15023577685,94.5454056316784,2024-02-06 01:00:00
9,304.823021750244,204.877557534405,94.6605766149011,2024-02-06 02:00:00
9,305.131958244157,203.39822030299,94.4901561865635,2024-02-06 03:00:00
9,315.72858554646,210.402627910809,90.6849268101951,2024-02-06 04:00:00
9,323.57354924814,216.24972236109,88.0480392798219,2024-02-06 05:00:00
9,326.436642623372,217.497013531189,85.2447146972846,2024-02-06 06:00:00
9,326.017880825423,218.894149631435,84.0217288271671,2024-02-06 07:00:00
9,328.163189573158,220.752243000392,83.9601699194933,2024-02-06 08:00:00
9,328.85698315241,220.730161644318,83.6548380053126,2024-02-06 09:00:00
9,329.351744008334,220.362961708603,83.5441895214613,2024-02-06 10:00:00
9,331.844585106056,221.551189265286,82.6699837813718,2024-02-06 11:00:00
9,332.661391629876,223.093783321669,83.200767230982,2024-02-06 12:00:00
9,334.288232757802,224.052396435911,83.4310071362553,2024-02-06 13:00:00
9,336.081656871056,223.760101429428,83.3305359282931,2024-02-06 14:00:00
9,340.958879047605,228.512934000433,81.3998415514236,2024-02-06 15:00:00
9,340.567195342139,232.778773324076,80.5460877796578,2024-02-06 16:00:00
9,340.961349142833,233.759804513927,80.3599698221513,2024-02-06 17:00:00
9,340.452611552225,235.859035409361,80.5803935856247,2024-02-06 18:00:00
9,342.641659492697,238.58759071867,81.3988124471594,2024-02-06 19:00:00
9,343.696813869105,239.711203270927,81.6217797418469,2024-02-06 20:00:00
9,345.188149386181,241.30421129404,81.5394722213104,2024-02-06 21:00:00
9,341.866462220521,249.720723307001,82.0747688131901,2024-02-06 22:00:00
9,337.063053064818,253.057598201837,82.5387049231709,2024-02-06 23:00:00
9,335.802887198219,254.092136823449,82.6418741846224,2024-02-07 00:00:00
9,331.182199761282,255.329172721658,83.0809196052073,2024-02-07 01:00:00
9,331.099221595641,255.314203085642,83.0839246154713,2024-02-07 02:00:00
9,330.31737481395,255.264710814511,83.1822850536579,2024-02-07 03:00:00
9,328.979410198443,255.636983436522,83.4827373688549,2024-02-07 04:00:00
9,325.102568126997,257.860709638917,84.5724892237825,2024-02-07 05:00:00
9,324.70449326762,260.915893800146,86.180310791234,2024-02-07 06:00:00
9,325.15751282172,266.257809383091,85.2178277282391,2024-02-07 07:00:00
9,322.414307670694,268.515361926188,84.8988505081733,2024-02-07 08:00:00
9,321.454462847736,268.768200816998,84.4096515444103,2024-02-07 09:00:00
9,314.759585576172,268.132527197305,77.4440338236456,2024-02-07 10:00:00
9,313.641949786271,270.976164098461,75.5969553198464,2024-02-07 11:00:00
9,310.210580340301,272.209544095402,74.5092033597618,2024-02-07 12:00:00
9,303.568252906825,271.578178768414,71.9280171675781,2024-02-07 13:00:00
9,300.258048036199,268.711874304525,69.2029720493602,2024-02-07 14:00:00
9,296.942571980446,266.965851613763,67.1028997129929,2024-02-07 15:00:00
9,294.07235365807,268.199042618544,66.6037339242382,2024-02-07 16:00:00
9,291.330703406784,269.687338176876,66.1734083236644,2024-02-07 17:00:00
9,286.349566732984,271.61266631172,65.8738861477031,2024-02-07 18:00:00
9,287.427535368459,281.162709895151,65.1542565759129,2024-02-07 19:00:00
9,285.824156976762,282.846326896425,65.0690979200869,2024-02-07 20:00:00
9,285.746297425949,289.046250834231,64.9382050204136,2024-02-07 21:00:00
9,283.427477406669,291.414528439327,65.6423729572299,2024-02-07 22:00:00
9,279.427369450443,294.789522368907,66.4983979037789,2024-02-07 23:00:00
10,285.084739274663,241.614820056532,91.625341479657,2024-02-08 00:00:00
10,285.357151586596,239.331224395592,90.1122971261907,2024-02-08 01:00:00
10,284.641505654997,235.553274980431,87.9419632427835,2024-02-08 02:00:00
10,287.957668872859,229.472928960933,81.6758098483547,2024-02-08 03:00:00
10,287.962405067166,228.224039478144,81.0172038177217,2024-02-08 04:00:00
10,292.007189983408,226.091060314299,80.9193000763369,2024-02-08 05:00:00
10,296.178367999236,228.12628559825,79.7168414604412,2024-02-08 06:00:00
10,308.529536791847,235.611650589111,77.78602547377,2024-02-08 07:00:00
10,311.077534783113,235.829341564726,77.0459801116621,2024-02-08 08:00:00
10,315.59680523786,241.241014632516,72.9878989733658,2024-02-08 09:00:00
10,314.954315385347,245.767228667324,72.2989842476277,2024-02-08 10:00:00
10,315.335016260567,247.213335622762,72.2256148032289,2024-02-08 11:00:00
10,318.100958969651,251.332628225309,71.7095379258342,2024-02-08 12:00:00
10,322.592753175542,252.759112078432,73.5740335327922,2024-02-08 13:00:00
10,327.874002320414,260.82168583551,80.2726894317043,2024-02-08 14:00:00
10,329.172924773,262.657375814166,80.7619985576015,2024-02-08 15:00:00
10,329.837479203733,265.122495200163,80.2824470917169,2024-02-08 16:00:00
10,330.061516492656,265.65710652489,80.2710866823717,2024-02-08 17:00:00
10,329.612232848109,267.447603483099,80.2950336612966,2024-02-08 18:00:00
10,330.205699496323,269.908296076685,79.6180802510038,2024-02-08 19:00:00
10,330.383313421359,271.810472402438,79.2455883915828,2024-02-08 20:00:00
10,333.734840377783,273.371364123384,80.3298359061489,2024-02-08 21:00:00
10,334.479293567861,273.255775054404,80.1970986993223,2024-02-08 22:00:00
10,336.212979053701,275.729243123324,80.3616786020656,2024-02-08 23:00:00
10,336.747782083929,278.369404431954,80.9156491904588,2024-02-09 00:00:00
10,336.412897604021,278.845891232963,81.0964820321173,2024-02-09 01:00:00
10,336.623588538506,279.46659523703,81.1206575796649,2024-02-09 02:00:00
10,339.04375215186,284.824224992712,80.8773513686066,2024-02-09 03:00:00
10,338.65106264025,288.93739737677,81.02229098205,2024-02-09 04:00:00
10,338.404872847505,291.536693776462,82.2116364537678,2024-02-09 05:00:00
10,340.262415661258,295.052444086302,83.2475892587488,2024-02-09 06:00:00
10,340.787041667156,297.465535939722,84.2688036597431,2024-02-09 07:00:00
10,341.462152682431,298.239418869285,84.4290206515548,2024-02-09 08:00:00
10,343.494859598136,299.10768427497,85.7760188647469,2024-02-09 09:00:00
10,344.757687639804,298.825626010889,87.0341132574415,2024-02-09 10:00:00
10,346.797427906365,296.95113479387,88.1476527406501,2024-02-09 11:00:00
10,350.878071192955,292.055842782663,91.2266256333756,2024-02-09 12:00:00
10,352.210643478155,289.983460616967,91.6821855187547,2024-02-09 13:00:00
10,354.829387831988,285.028531441449,91.5978333302816,2024-02-09 14:00:00
10,355.732617429042,277.559553761008,93.0722901991202,2024-02-09 15:00:00
10,357.776209053532,275.799671099348,93.3254073743616,2024-02-09 16:00:00
10,358.216374889488,275.51360169208,93.4006346725911,2024-02-09 17:00:00
10,361.371409173811,274.604292101991,94.5602935494207,2024-02-09 18:00:00
10,363.413447542942,275.703257168108,95.8564430441016,2024-02-09 19:00:00
10,367.929415699145,278.710413082673,100.089369171065,2024-02-09 20:00:00
10,368.436406691633,279.611360455682,101.029709930793,2024-02-09 21:00:00
10,370.566946651884,281.874650868991,104.32513474627,2024-02-09 22:00:00
10,370.717298416664,283.472256291784,105.960124043057,2024-02-09 23:00:00
10,369.41920649879,286.16726752818,108.257124601523,2024-02-10 00:00:00
10,365.391509685229,286.753771181059,109.705924621777,2024-02-10 01:00:00
10,363.253517502912,285.603574804085,109.521210927858,2024-02-10 02:00:00
10,361.27920053279,286.821297060777,108.50331594201,2024-02-10 03:00:00
10,360.191858768456,288.078391740885,107.50242591034,2024-02-10 04:00:00
10,355.968704047108,287.031252582127,105.832506203172,2024-02-10 05:00:00
10,354.863880584418,288.15809289339,105.816998071755,2024-02-10 06:00:00
10,352.418507087849,290.344141599652,105.082667431561,2024-02-10 07:00:00
10,352.138654511394,291.74733760124,104.551506247624,2024-02-10 08:00:00
10,350.604554591215,294.325809539142,103.803571403604,2024-02-10 09:00:00
10,349.329417752739,297.419814912205,102.668892309778,2024-02-10 10:00:00
10,348.911967432494,298.011572500237,102.589928727255,2024-02-10 11:00:00
10,345.584485282188,297.785796354706,102.083759769173,2024-02-10 12:00:00
10,344.865107002414,300.012150788578,101.531421313911,2024-02-10 13:00:00
10,343.785455813699,301.563201021252,100.757433036007,2024-02-10 14:00:00
10,342.97152852961,302.869610663308,99.3017051166637,2024-02-10 15:00:00
10,344.485671983488,305.650296665621,97.4485616678628,2024-02-10 16:00:00
10,344.99441370331,312.805881007814,94.2953981145572,2024-02-10 17:00:00
10,348.548965681837,316.603877975721,91.6081153058889,2024-02-10 18:00:00
10,348.472798587823,326.718068574667,88.5066153820482,2024-02-10 19:00:00
10,351.581852781121,327.465565482284,88.3897465949458,2024-02-10 20:00:00
10,352.75181950431,328.269161764394,88.0243905144788,2024-02-10 21:00:00
10,360.434011243299,329.659400464603,85.7237810408607,2024-02-10 22:00:00
10,366.641689659362,329.721962329823,84.6749418883228,2024-02-10 23:00:00
10,368.414041007722,332.025590673115,83.1745777208982,2024-02-11 00:00:00
10,368.309338271417,332.422362016511,83.0096007801135,2024-02-11 01:00:00
10,367.923359850823,334.332167683901,81.6370107693266,2024-02-11 02:00:00
10,367.012431153807,342.915689806382,77.7981508779722,2024-02-11 03:00:00
10,366.344972485338,345.612711375564,78.4307540940148,2024-02-11 04:00:00
10,366.702836563147,349.153578890756,79.1682239033399,2024-02-11 05:00:00
10,367.216534041571,350.679705722438,79.534114313871,2024-02-11 06:00:00
10,368.618386765431,359.644083056778,83.6079414983883,2024-02-11 07:00:00
10,367.249085458171,364.526786204447,85.3589417566451,2024-02-11 08:00:00
10,367.345672338727,365.412397493541,85.6009199291455,2024-02-11 09:00:00
10,367.281567960059,368.541498410959,85.2863948541435,2024-02-11 10:00:00
10,366.630966425082,374.723528833608,82.671273180543,2024-02-11 11:00:00
10,366.807513585559,376.161129331619,82.434423906318,2024-02-11 12:00:00
10,366.102043897418,376.669806491073,82.0554086709811,2024-02-11 13:00:00
10,355.818620226403,379.475598453745,78.4685913648485,2024-02-11 14:00:00
10,354.428844976024,380.075975512104,77.8538109296871,2024-02-11 15:00:00
10,352.079599107117,380.202427655955,77.4238185938283,2024-02-11 16:00:00
10,351.506180128174,380.517908724592,77.4163364785044,2024-02-11 17:00:00
10,349.131636314782,381.230901770771,77.563609265913,2024-02-11 18:00:00
10,347.826453198141,381.679060705726,77.7675164744476,2024-02-11 19:00:00
10,345.827711543039,382.261575176708,77.5219584262652,2024-02-11 20:00:00
10,337.959556293891,385.251371988678,77.5088511666672,2024-02-11 21:00:00
10,331.203544816547,386.302944073289,77.0806260549284,2024-02-11 22:00:00
10,330.253565963663,385.703201654886,77.3203850593347,2024-02-11 23:00:00
10,329.137489546115,378.345667599377,78.0212864852734,2024-02-12 00:00:00
10,326.537938753251,374.311702325068,77.3624606272405,2024-02-12 01:00:00
10,324.383704687638,373.165379117656,77.8653695806884,2024-02-12 02:00:00
10,323.025539558232,367.526557056983,78.6437918387524,2024-02-12 03:00:00
